Smith,,,,,,
Henry D. Smith,,,,,,
Los Angeles,,,,,,
Steve Jobs,,,,,,
Smith,,,,,,
Jobs,,,,,,
Steve,,,,,,
America,,,,,,
Henry,,,,,,
Smith,,,,,,
Smith,,,,,,
Smith,,,,,,
B.B. King,,,,,,
The Great Gatsby,,,,,,
F. Scott Fitzgerald,,,,,,
Steve Jobs,,,,,,
first,,,,,,
Apple,,,,,,
8 years ago,,,,,,
The Steve Jobs,,,,,,
Apple,,,,,,
Smith,,,,,,
Johnson,,,,,,
Johnson,,,,,,
England,,,,,,
Brazil,,,,,,
One,,,,,,
England,,,,,,
182,,,,,,
Philly,,,,,,
PA,,,,,,
Jim's South St.,,,,,,
Google Hindsight Technology Solutions,,,,,,
Bank of America,,,,,,
Facebook,,,,,,
"the Commission on Farming, Fishing, Hunting, Agriculture",,,,,,
the Liverpool FC,,,,,,
Smith,,,,,,
F Mo Sala,,,,,,
the Premier League,,,,,,
4,,,,,,
Manchester City's,,,,,,
2,,,,,,
Chelsea-Liverpool,,,,,,
Smith,,,,,,
Netflix,,,,,,
Call of Duty: Modern Warfare 2,,,,,,
COD MW2,,,,,,
Call of Duty: MW2,,,,,,
Smith,,,,,,
Mexico,,,,,,
Anglo-American,,,,,,
Bean,,,,,,
Fast and Furious 7 years ago,,,,,,
12,,,,,,
Aaron Collins,,,,,,
Barcelona Lionel Messi,,,,,,
yesterday,,,,,,
VVV,,,,,,
Aaron Barry,,,,,,
Atlanta,,,,,,
first,,,,,,